id,category
Test_0.jpg,20
Test_1.jpg,4
Test_2.jpg,9
Test_3.jpg,11
Test_4.jpg,16
Test_5.jpg,13
Test_6.jpg,12
Test_7.jpg,23
Test_8.jpg,15
Test_9.jpg,19
Test_10.jpg,15
Test_11.jpg,16
Test_12.jpg,17
Test_13.jpg,5
Test_14.jpg,22
Test_15.jpg,8
Test_16.jpg,1
Test_17.jpg,11
Test_18.jpg,19
Test_19.jpg,16
Test_20.jpg,16
Test_21.jpg,24
Test_22.jpg,21
Test_23.jpg,9
Test_24.jpg,9
Test_25.jpg,11
Test_26.jpg,4
Test_27.jpg,11
Test_28.jpg,18
Test_29.jpg,2
Test_30.jpg,23
Test_31.jpg,3
Test_32.jpg,11
Test_33.jpg,3
Test_34.jpg,13
Test_35.jpg,24
Test_36.jpg,16
Test_37.jpg,2
Test_38.jpg,3
Test_39.jpg,17
Test_40.jpg,2
Test_41.jpg,23
Test_42.jpg,11
Test_43.jpg,16
Test_44.jpg,10
Test_45.jpg,7
Test_46.jpg,16
Test_47.jpg,2
Test_48.jpg,0
Test_49.jpg,12
Test_50.jpg,9
Test_51.jpg,8
Test_52.jpg,15
Test_53.jpg,19
Test_54.jpg,8
Test_55.jpg,5
Test_56.jpg,24
Test_57.jpg,4
Test_58.jpg,3
Test_59.jpg,17
Test_60.jpg,19
Test_61.jpg,24
Test_62.jpg,9
Test_63.jpg,3
Test_64.jpg,0
Test_65.jpg,22
Test_66.jpg,14
Test_67.jpg,21
Test_68.jpg,23
Test_69.jpg,19
Test_70.jpg,15
Test_71.jpg,15
Test_72.jpg,2
Test_73.jpg,18
Test_74.jpg,2
Test_75.jpg,20
Test_76.jpg,14
Test_77.jpg,4
Test_78.jpg,4
Test_79.jpg,23
Test_80.jpg,23
Test_81.jpg,8
Test_82.jpg,7
Test_83.jpg,20
Test_84.jpg,18
Test_85.jpg,12
Test_86.jpg,9
Test_87.jpg,19
Test_88.jpg,24
Test_89.jpg,4
Test_90.jpg,13
Test_91.jpg,4
Test_92.jpg,13
Test_93.jpg,21
Test_94.jpg,2
Test_95.jpg,3
Test_96.jpg,17
Test_97.jpg,18
Test_98.jpg,12
Test_99.jpg,10
Test_100.jpg,22
Test_101.jpg,19
Test_102.jpg,20
Test_103.jpg,4
Test_104.jpg,22
Test_105.jpg,24
Test_106.jpg,23
Test_107.jpg,10
Test_108.jpg,13
Test_109.jpg,13
Test_110.jpg,21
Test_111.jpg,8
Test_112.jpg,12
Test_113.jpg,18
Test_114.jpg,6
Test_115.jpg,16
Test_116.jpg,0
Test_117.jpg,7
Test_118.jpg,22
Test_119.jpg,5
Test_120.jpg,19
Test_121.jpg,22
Test_122.jpg,9
Test_123.jpg,17
Test_124.jpg,9
Test_125.jpg,13
Test_126.jpg,19
Test_127.jpg,0
Test_128.jpg,24
Test_129.jpg,19
Test_130.jpg,2
Test_131.jpg,4
Test_132.jpg,4
Test_133.jpg,9
Test_134.jpg,0
Test_135.jpg,7
Test_136.jpg,10
Test_137.jpg,1
Test_138.jpg,13
Test_139.jpg,21
Test_140.jpg,19
Test_141.jpg,12
Test_142.jpg,13
Test_143.jpg,13
Test_144.jpg,1
Test_145.jpg,21
Test_146.jpg,23
Test_147.jpg,1
Test_148.jpg,7
Test_149.jpg,18
Test_150.jpg,11
Test_151.jpg,5
Test_152.jpg,14
Test_153.jpg,23
Test_154.jpg,11
Test_155.jpg,6
Test_156.jpg,22
Test_157.jpg,1
Test_158.jpg,0
Test_159.jpg,12
Test_160.jpg,19
Test_161.jpg,2
Test_162.jpg,5
Test_163.jpg,19
Test_164.jpg,2
Test_165.jpg,3
Test_166.jpg,1
Test_167.jpg,24
Test_168.jpg,17
Test_169.jpg,8
Test_170.jpg,18
Test_171.jpg,11
Test_172.jpg,23
Test_173.jpg,22
Test_174.jpg,0
Test_175.jpg,0
Test_176.jpg,0
Test_177.jpg,24
Test_178.jpg,19
Test_179.jpg,14
Test_180.jpg,5
Test_181.jpg,12
Test_182.jpg,16
Test_183.jpg,12
Test_184.jpg,24
Test_185.jpg,7
Test_186.jpg,15
Test_187.jpg,23
Test_188.jpg,20
Test_189.jpg,22
Test_190.jpg,18
Test_191.jpg,12
Test_192.jpg,13
Test_193.jpg,7
Test_194.jpg,13
Test_195.jpg,19
Test_196.jpg,9
Test_197.jpg,4
Test_198.jpg,10
Test_199.jpg,24
Test_200.jpg,21
Test_201.jpg,13
Test_202.jpg,8
Test_203.jpg,19
Test_204.jpg,12
Test_205.jpg,18
Test_206.jpg,3
Test_207.jpg,11
Test_208.jpg,18
Test_209.jpg,12
Test_210.jpg,10
Test_211.jpg,19
Test_212.jpg,5
Test_213.jpg,23
Test_214.jpg,10
Test_215.jpg,18
Test_216.jpg,13
Test_217.jpg,4
Test_218.jpg,24
Test_219.jpg,12
Test_220.jpg,22
Test_221.jpg,8
Test_222.jpg,13
Test_223.jpg,18
Test_224.jpg,8
Test_225.jpg,9
Test_226.jpg,3
Test_227.jpg,14
Test_228.jpg,14
Test_229.jpg,0
Test_230.jpg,23
Test_231.jpg,23
Test_232.jpg,15
Test_233.jpg,23
Test_234.jpg,4
Test_235.jpg,15
Test_236.jpg,10
Test_237.jpg,23
Test_238.jpg,8
Test_239.jpg,19
Test_240.jpg,4
Test_241.jpg,5
Test_242.jpg,21
Test_243.jpg,18
Test_244.jpg,19
Test_245.jpg,16
Test_246.jpg,19
Test_247.jpg,7
Test_248.jpg,12
Test_249.jpg,4
Test_250.jpg,16
Test_251.jpg,6
Test_252.jpg,4
Test_253.jpg,13
Test_254.jpg,1
Test_255.jpg,18
Test_256.jpg,4
Test_257.jpg,12
Test_258.jpg,6
Test_259.jpg,2
Test_260.jpg,17
Test_261.jpg,20
Test_262.jpg,21
Test_263.jpg,5
Test_264.jpg,8
Test_265.jpg,13
Test_266.jpg,10
Test_267.jpg,9
Test_268.jpg,20
Test_269.jpg,20
Test_270.jpg,7
Test_271.jpg,4
Test_272.jpg,3
Test_273.jpg,15
Test_274.jpg,10
Test_275.jpg,15
Test_276.jpg,21
Test_277.jpg,20
Test_278.jpg,1
Test_279.jpg,4
Test_280.jpg,3
Test_281.jpg,0
Test_282.jpg,19
Test_283.jpg,11
Test_284.jpg,3
Test_285.jpg,15
Test_286.jpg,24
Test_287.jpg,17
Test_288.jpg,20
Test_289.jpg,1
Test_290.jpg,1
Test_291.jpg,3
Test_292.jpg,10
Test_293.jpg,3
Test_294.jpg,14
Test_295.jpg,24
Test_296.jpg,10
Test_297.jpg,19
Test_298.jpg,5
Test_299.jpg,9
Test_300.jpg,18
Test_301.jpg,10
Test_302.jpg,4
Test_303.jpg,7
Test_304.jpg,15
Test_305.jpg,15
Test_306.jpg,16
Test_307.jpg,14
Test_308.jpg,22
Test_309.jpg,6
Test_310.jpg,21
Test_311.jpg,11
Test_312.jpg,12
Test_313.jpg,11
Test_314.jpg,2
Test_315.jpg,8
Test_316.jpg,21
Test_317.jpg,9
Test_318.jpg,9
Test_319.jpg,24
Test_320.jpg,19
Test_321.jpg,10
Test_322.jpg,24
Test_323.jpg,18
Test_324.jpg,8
Test_325.jpg,2
Test_326.jpg,12
Test_327.jpg,4
Test_328.jpg,16
Test_329.jpg,10
Test_330.jpg,18
Test_331.jpg,17
Test_332.jpg,10
Test_333.jpg,11
Test_334.jpg,4
Test_335.jpg,17
Test_336.jpg,23
Test_337.jpg,16
Test_338.jpg,12
Test_339.jpg,3
Test_340.jpg,10
Test_341.jpg,19
Test_342.jpg,4
Test_343.jpg,4
Test_344.jpg,12
Test_345.jpg,10
Test_346.jpg,10
Test_347.jpg,11
Test_348.jpg,24
Test_349.jpg,10
Test_350.jpg,8
Test_351.jpg,21
Test_352.jpg,11
Test_353.jpg,1
Test_354.jpg,17
Test_355.jpg,17
Test_356.jpg,16
Test_357.jpg,2
Test_358.jpg,3
Test_359.jpg,0
Test_360.jpg,11
Test_361.jpg,16
Test_362.jpg,4
Test_363.jpg,0
Test_364.jpg,9
Test_365.jpg,16
Test_366.jpg,11
Test_367.jpg,24
Test_368.jpg,24
Test_369.jpg,24
Test_370.jpg,10
Test_371.jpg,22
Test_372.jpg,8
Test_373.jpg,0
Test_374.jpg,4
Test_375.jpg,15
Test_376.jpg,13
Test_377.jpg,24
Test_378.jpg,10
Test_379.jpg,16
Test_380.jpg,11
Test_381.jpg,3
Test_382.jpg,23
Test_383.jpg,5
Test_384.jpg,11
Test_385.jpg,24
Test_386.jpg,2
Test_387.jpg,9
Test_388.jpg,7
Test_389.jpg,14
Test_390.jpg,0
Test_391.jpg,21
Test_392.jpg,20
Test_393.jpg,12
Test_394.jpg,16
Test_395.jpg,4
Test_396.jpg,17
Test_397.jpg,12
Test_398.jpg,3
Test_399.jpg,18
Test_400.jpg,20
Test_401.jpg,0
Test_402.jpg,23
Test_403.jpg,3
Test_404.jpg,5
Test_405.jpg,7
Test_406.jpg,22
Test_407.jpg,2
Test_408.jpg,13
Test_409.jpg,0
Test_410.jpg,5
Test_411.jpg,16
Test_412.jpg,4
Test_413.jpg,6
Test_414.jpg,4
Test_415.jpg,5
Test_416.jpg,16
Test_417.jpg,7
Test_418.jpg,13
Test_419.jpg,8
Test_420.jpg,11
Test_421.jpg,22
Test_422.jpg,10
Test_423.jpg,12
Test_424.jpg,0
Test_425.jpg,22
Test_426.jpg,2
Test_427.jpg,17
Test_428.jpg,21
Test_429.jpg,19
Test_430.jpg,16
Test_431.jpg,22
Test_432.jpg,21
Test_433.jpg,4
Test_434.jpg,9
Test_435.jpg,21
Test_436.jpg,19
Test_437.jpg,13
Test_438.jpg,21
Test_439.jpg,16
Test_440.jpg,18
Test_441.jpg,6
Test_442.jpg,15
Test_443.jpg,10
Test_444.jpg,17
Test_445.jpg,10
Test_446.jpg,2
Test_447.jpg,23
Test_448.jpg,8
Test_449.jpg,1
Test_450.jpg,5
Test_451.jpg,1
Test_452.jpg,23
Test_453.jpg,1
Test_454.jpg,20
Test_455.jpg,1
Test_456.jpg,10
Test_457.jpg,20
Test_458.jpg,23
Test_459.jpg,23
Test_460.jpg,18
Test_461.jpg,0
Test_462.jpg,12
Test_463.jpg,9
Test_464.jpg,19
Test_465.jpg,21
Test_466.jpg,4
Test_467.jpg,11
Test_468.jpg,21
Test_469.jpg,23
Test_470.jpg,4
Test_471.jpg,8
Test_472.jpg,9
Test_473.jpg,19
Test_474.jpg,7
Test_475.jpg,0
Test_476.jpg,10
Test_477.jpg,23
Test_478.jpg,19
Test_479.jpg,8
Test_480.jpg,0
Test_481.jpg,5
Test_482.jpg,5
Test_483.jpg,24
Test_484.jpg,0
Test_485.jpg,8
Test_486.jpg,13
Test_487.jpg,16
Test_488.jpg,11
Test_489.jpg,4
Test_490.jpg,13
Test_491.jpg,24
Test_492.jpg,7
Test_493.jpg,17
Test_494.jpg,3
Test_495.jpg,6
Test_496.jpg,11
Test_497.jpg,19
Test_498.jpg,8
Test_499.jpg,15
Test_500.jpg,24
Test_501.jpg,16
Test_502.jpg,3
Test_503.jpg,11
Test_504.jpg,23
Test_505.jpg,3
Test_506.jpg,4
Test_507.jpg,9
Test_508.jpg,15
Test_509.jpg,11
Test_510.jpg,9
Test_511.jpg,13
Test_512.jpg,14
Test_513.jpg,10
Test_514.jpg,16
Test_515.jpg,22
Test_516.jpg,21
Test_517.jpg,6
Test_518.jpg,16
Test_519.jpg,2
Test_520.jpg,1
Test_521.jpg,23
Test_522.jpg,16
Test_523.jpg,20
Test_524.jpg,11
Test_525.jpg,20
Test_526.jpg,8
Test_527.jpg,1
Test_528.jpg,1
Test_529.jpg,6
Test_530.jpg,9
Test_531.jpg,23
Test_532.jpg,15
Test_533.jpg,13
Test_534.jpg,19
Test_535.jpg,9
Test_536.jpg,24
Test_537.jpg,2
Test_538.jpg,0
Test_539.jpg,7
Test_540.jpg,13
Test_541.jpg,13
Test_542.jpg,17
Test_543.jpg,18
Test_544.jpg,17
Test_545.jpg,1
Test_546.jpg,9
Test_547.jpg,4
Test_548.jpg,13
Test_549.jpg,5
Test_550.jpg,21
Test_551.jpg,8
Test_552.jpg,22
Test_553.jpg,13
Test_554.jpg,10
Test_555.jpg,1
Test_556.jpg,6
Test_557.jpg,8
Test_558.jpg,16
Test_559.jpg,2
Test_560.jpg,1
Test_561.jpg,22
Test_562.jpg,9
Test_563.jpg,8
Test_564.jpg,19
Test_565.jpg,2
Test_566.jpg,17
Test_567.jpg,14
Test_568.jpg,8
Test_569.jpg,16
Test_570.jpg,16
Test_571.jpg,16
Test_572.jpg,24
Test_573.jpg,7
Test_574.jpg,4
Test_575.jpg,18
Test_576.jpg,16
Test_577.jpg,2
Test_578.jpg,21
Test_579.jpg,21
Test_580.jpg,3
Test_581.jpg,12
Test_582.jpg,18
Test_583.jpg,10
Test_584.jpg,24
Test_585.jpg,18
Test_586.jpg,1
Test_587.jpg,18
Test_588.jpg,9
Test_589.jpg,23
Test_590.jpg,18
Test_591.jpg,16
Test_592.jpg,4
Test_593.jpg,24
Test_594.jpg,8
Test_595.jpg,8
Test_596.jpg,11
Test_597.jpg,4
Test_598.jpg,12
Test_599.jpg,21
Test_600.jpg,15
Test_601.jpg,11
Test_602.jpg,17
Test_603.jpg,23
Test_604.jpg,14
Test_605.jpg,18
Test_606.jpg,3
Test_607.jpg,11
Test_608.jpg,14
Test_609.jpg,0
Test_610.jpg,3
Test_611.jpg,4
Test_612.jpg,10
Test_613.jpg,10
Test_614.jpg,19
Test_615.jpg,24
Test_616.jpg,1
Test_617.jpg,21
Test_618.jpg,12
Test_619.jpg,24
Test_620.jpg,10
Test_621.jpg,4
Test_622.jpg,15
Test_623.jpg,13
Test_624.jpg,2
Test_625.jpg,12
Test_626.jpg,1
Test_627.jpg,3
Test_628.jpg,22
Test_629.jpg,11
Test_630.jpg,13
Test_631.jpg,16
Test_632.jpg,7
Test_633.jpg,12
Test_634.jpg,13
Test_635.jpg,11
Test_636.jpg,21
Test_637.jpg,0
Test_638.jpg,4
Test_639.jpg,16
Test_640.jpg,24
Test_641.jpg,9
Test_642.jpg,15
Test_643.jpg,19
Test_644.jpg,23
Test_645.jpg,8
Test_646.jpg,4
Test_647.jpg,15
Test_648.jpg,4
Test_649.jpg,10
Test_650.jpg,1
Test_651.jpg,12
Test_652.jpg,9
Test_653.jpg,16
Test_654.jpg,5
Test_655.jpg,18
Test_656.jpg,16
Test_657.jpg,1
Test_658.jpg,10
Test_659.jpg,2
Test_660.jpg,24
Test_661.jpg,11
Test_662.jpg,9
Test_663.jpg,12
Test_664.jpg,5
Test_665.jpg,11
Test_666.jpg,24
Test_667.jpg,18
Test_668.jpg,18
Test_669.jpg,2
Test_670.jpg,8
Test_671.jpg,5
Test_672.jpg,12
Test_673.jpg,3
Test_674.jpg,17
Test_675.jpg,8
Test_676.jpg,18
Test_677.jpg,13
Test_678.jpg,22
Test_679.jpg,24
Test_680.jpg,16
Test_681.jpg,4
Test_682.jpg,19
Test_683.jpg,8
Test_684.jpg,1
Test_685.jpg,15
Test_686.jpg,19
Test_687.jpg,3
Test_688.jpg,16
Test_689.jpg,0
Test_690.jpg,23
Test_691.jpg,13
Test_692.jpg,13
Test_693.jpg,11
Test_694.jpg,19
Test_695.jpg,10
Test_696.jpg,19
Test_697.jpg,15
Test_698.jpg,9
Test_699.jpg,13
Test_700.jpg,16
Test_701.jpg,24
Test_702.jpg,2
Test_703.jpg,22
Test_704.jpg,2
Test_705.jpg,1
Test_706.jpg,3
Test_707.jpg,2
Test_708.jpg,10
Test_709.jpg,13
Test_710.jpg,4
Test_711.jpg,1
Test_712.jpg,4
Test_713.jpg,10
Test_714.jpg,4
Test_715.jpg,5
Test_716.jpg,15
Test_717.jpg,6
Test_718.jpg,11
Test_719.jpg,3
Test_720.jpg,11
Test_721.jpg,10
Test_722.jpg,21
Test_723.jpg,10
Test_724.jpg,9
Test_725.jpg,23
Test_726.jpg,5
Test_727.jpg,2
Test_728.jpg,22
Test_729.jpg,10
Test_730.jpg,23
Test_731.jpg,17
Test_732.jpg,15
Test_733.jpg,4
Test_734.jpg,11
Test_735.jpg,3
Test_736.jpg,9
Test_737.jpg,16
Test_738.jpg,18
Test_739.jpg,23
Test_740.jpg,3
Test_741.jpg,10
Test_742.jpg,13
Test_743.jpg,1
Test_744.jpg,8
Test_745.jpg,10
Test_746.jpg,22
Test_747.jpg,15
Test_748.jpg,8
Test_749.jpg,3
Test_750.jpg,22
Test_751.jpg,4
Test_752.jpg,16
Test_753.jpg,4
Test_754.jpg,16
Test_755.jpg,6
Test_756.jpg,10
Test_757.jpg,13
Test_758.jpg,4
Test_759.jpg,18
Test_760.jpg,12
Test_761.jpg,16
Test_762.jpg,6
Test_763.jpg,16
Test_764.jpg,16
Test_765.jpg,1
Test_766.jpg,12
Test_767.jpg,21
Test_768.jpg,17
Test_769.jpg,10
Test_770.jpg,12
Test_771.jpg,19
Test_772.jpg,2
Test_773.jpg,22
Test_774.jpg,16
Test_775.jpg,8
Test_776.jpg,24
Test_777.jpg,24
Test_778.jpg,6
Test_779.jpg,22
Test_780.jpg,7
Test_781.jpg,17
Test_782.jpg,1
Test_783.jpg,20
Test_784.jpg,5
Test_785.jpg,0
Test_786.jpg,17
Test_787.jpg,17
Test_788.jpg,24
Test_789.jpg,19
Test_790.jpg,24
Test_791.jpg,24
Test_792.jpg,24
Test_793.jpg,7
Test_794.jpg,0
Test_795.jpg,5
Test_796.jpg,7
Test_797.jpg,2
Test_798.jpg,8
Test_799.jpg,16
Test_800.jpg,24
Test_801.jpg,22
Test_802.jpg,22
Test_803.jpg,0
Test_804.jpg,4
Test_805.jpg,4
Test_806.jpg,3
Test_807.jpg,11
Test_808.jpg,3
Test_809.jpg,17
Test_810.jpg,7
Test_811.jpg,1
Test_812.jpg,13
Test_813.jpg,0
Test_814.jpg,3
Test_815.jpg,5
Test_816.jpg,3
Test_817.jpg,19
Test_818.jpg,4
Test_819.jpg,8
Test_820.jpg,1
Test_821.jpg,24
Test_822.jpg,19
Test_823.jpg,22
Test_824.jpg,18
Test_825.jpg,11
Test_826.jpg,24
Test_827.jpg,24
Test_828.jpg,15
Test_829.jpg,9
Test_830.jpg,8
Test_831.jpg,4
Test_832.jpg,4
Test_833.jpg,0
Test_834.jpg,16
Test_835.jpg,24
Test_836.jpg,22
Test_837.jpg,21
Test_838.jpg,10
Test_839.jpg,2
Test_840.jpg,20
Test_841.jpg,10
Test_842.jpg,16
Test_843.jpg,4
Test_844.jpg,9
Test_845.jpg,3
Test_846.jpg,4
Test_847.jpg,3
Test_848.jpg,3
Test_849.jpg,24
Test_850.jpg,16
Test_851.jpg,13
Test_852.jpg,8
Test_853.jpg,10
Test_854.jpg,10
Test_855.jpg,18
Test_856.jpg,19
Test_857.jpg,9
Test_858.jpg,2
Test_859.jpg,5
Test_860.jpg,17
Test_861.jpg,6
Test_862.jpg,12
Test_863.jpg,6
Test_864.jpg,1
Test_865.jpg,10
Test_866.jpg,15
Test_867.jpg,3
Test_868.jpg,1
Test_869.jpg,15
Test_870.jpg,8
Test_871.jpg,16
Test_872.jpg,24
Test_873.jpg,11
Test_874.jpg,21
Test_875.jpg,16
Test_876.jpg,12
Test_877.jpg,15
Test_878.jpg,19
Test_879.jpg,12
Test_880.jpg,16
Test_881.jpg,3
Test_882.jpg,12
Test_883.jpg,12
Test_884.jpg,12
Test_885.jpg,23
Test_886.jpg,0
Test_887.jpg,8
Test_888.jpg,15
Test_889.jpg,17
Test_890.jpg,13
Test_891.jpg,5
Test_892.jpg,20
Test_893.jpg,24
Test_894.jpg,14
Test_895.jpg,21
Test_896.jpg,19
Test_897.jpg,1
Test_898.jpg,19
Test_899.jpg,13
Test_900.jpg,13
Test_901.jpg,20
Test_902.jpg,23
Test_903.jpg,10
Test_904.jpg,18
Test_905.jpg,10
Test_906.jpg,23
Test_907.jpg,22
Test_908.jpg,0
Test_909.jpg,17
Test_910.jpg,1
Test_911.jpg,22
Test_912.jpg,9
Test_913.jpg,17
Test_914.jpg,6
Test_915.jpg,16
Test_916.jpg,3
Test_917.jpg,1
Test_918.jpg,18
Test_919.jpg,2
Test_920.jpg,24
Test_921.jpg,5
Test_922.jpg,21
Test_923.jpg,24
Test_924.jpg,16
Test_925.jpg,13
Test_926.jpg,7
Test_927.jpg,9
Test_928.jpg,8
Test_929.jpg,8
Test_930.jpg,2
Test_931.jpg,11
Test_932.jpg,0
Test_933.jpg,8
Test_934.jpg,21
Test_935.jpg,9
Test_936.jpg,23
Test_937.jpg,0
Test_938.jpg,10
Test_939.jpg,1
Test_940.jpg,0
Test_941.jpg,14
Test_942.jpg,23
Test_943.jpg,6
Test_944.jpg,16
Test_945.jpg,21
Test_946.jpg,9
Test_947.jpg,9
Test_948.jpg,21
Test_949.jpg,8
Test_950.jpg,22
Test_951.jpg,24
Test_952.jpg,21
Test_953.jpg,17
Test_954.jpg,9
Test_955.jpg,6
Test_956.jpg,10
Test_957.jpg,4
Test_958.jpg,10
Test_959.jpg,17
Test_960.jpg,15
Test_961.jpg,5
Test_962.jpg,13
Test_963.jpg,2
Test_964.jpg,16
Test_965.jpg,15
Test_966.jpg,10
Test_967.jpg,11
Test_968.jpg,0
Test_969.jpg,24
Test_970.jpg,9
Test_971.jpg,1
Test_972.jpg,21
Test_973.jpg,14
Test_974.jpg,23
Test_975.jpg,15
Test_976.jpg,22
Test_977.jpg,7
Test_978.jpg,24
Test_979.jpg,0
Test_980.jpg,11
Test_981.jpg,17
Test_982.jpg,22
Test_983.jpg,6
Test_984.jpg,20
Test_985.jpg,2
Test_986.jpg,6
Test_987.jpg,9
Test_988.jpg,6
Test_989.jpg,12
Test_990.jpg,1
Test_991.jpg,24
Test_992.jpg,17
Test_993.jpg,17
Test_994.jpg,10
Test_995.jpg,8
Test_996.jpg,9
Test_997.jpg,20
Test_998.jpg,23
Test_999.jpg,24
Test_1000.jpg,12
Test_1001.jpg,17
Test_1002.jpg,2
Test_1003.jpg,18
Test_1004.jpg,4
Test_1005.jpg,21
Test_1006.jpg,13
Test_1007.jpg,6
Test_1008.jpg,17
Test_1009.jpg,13
Test_1010.jpg,9
Test_1011.jpg,4
Test_1012.jpg,22
Test_1013.jpg,4
Test_1014.jpg,11
Test_1015.jpg,23
Test_1016.jpg,4
Test_1017.jpg,16
Test_1018.jpg,10
Test_1019.jpg,14
Test_1020.jpg,19
Test_1021.jpg,1
Test_1022.jpg,23
Test_1023.jpg,14
Test_1024.jpg,10
Test_1025.jpg,24
Test_1026.jpg,5
Test_1027.jpg,2
Test_1028.jpg,6
Test_1029.jpg,16
Test_1030.jpg,9
Test_1031.jpg,23
Test_1032.jpg,19
Test_1033.jpg,16
Test_1034.jpg,6
Test_1035.jpg,5
Test_1036.jpg,8
Test_1037.jpg,9
Test_1038.jpg,17
Test_1039.jpg,12
Test_1040.jpg,23
Test_1041.jpg,22
Test_1042.jpg,21
Test_1043.jpg,0
Test_1044.jpg,10
Test_1045.jpg,3
Test_1046.jpg,2
Test_1047.jpg,7
Test_1048.jpg,13
Test_1049.jpg,18
Test_1050.jpg,2
Test_1051.jpg,19
Test_1052.jpg,8
Test_1053.jpg,8
Test_1054.jpg,6
Test_1055.jpg,11
Test_1056.jpg,0
Test_1057.jpg,11
Test_1058.jpg,5
Test_1059.jpg,4
Test_1060.jpg,8
Test_1061.jpg,12
Test_1062.jpg,5
Test_1063.jpg,10
Test_1064.jpg,20
Test_1065.jpg,22
Test_1066.jpg,23
Test_1067.jpg,9
Test_1068.jpg,22
Test_1069.jpg,16
Test_1070.jpg,11
Test_1071.jpg,2
Test_1072.jpg,10
Test_1073.jpg,1
Test_1074.jpg,5
Test_1075.jpg,4
Test_1076.jpg,7
Test_1077.jpg,3
Test_1078.jpg,11
Test_1079.jpg,18
Test_1080.jpg,22
Test_1081.jpg,2
Test_1082.jpg,24
Test_1083.jpg,3
Test_1084.jpg,16
Test_1085.jpg,21
Test_1086.jpg,10
Test_1087.jpg,8
Test_1088.jpg,2
Test_1089.jpg,2
Test_1090.jpg,22
Test_1091.jpg,6
Test_1092.jpg,8
Test_1093.jpg,10
Test_1094.jpg,17
Test_1095.jpg,10
Test_1096.jpg,16
Test_1097.jpg,7
Test_1098.jpg,23
Test_1099.jpg,8
Test_1100.jpg,18
Test_1101.jpg,2
Test_1102.jpg,6
Test_1103.jpg,13
Test_1104.jpg,16
Test_1105.jpg,4
Test_1106.jpg,18
Test_1107.jpg,13
Test_1108.jpg,0
Test_1109.jpg,9
Test_1110.jpg,3
Test_1111.jpg,8
Test_1112.jpg,6
Test_1113.jpg,20
Test_1114.jpg,23
Test_1115.jpg,9
Test_1116.jpg,6
Test_1117.jpg,2
Test_1118.jpg,6
Test_1119.jpg,13
Test_1120.jpg,18
Test_1121.jpg,1
Test_1122.jpg,3
Test_1123.jpg,24
Test_1124.jpg,6
Test_1125.jpg,10
Test_1126.jpg,14
Test_1127.jpg,12
Test_1128.jpg,24
Test_1129.jpg,16
Test_1130.jpg,5
Test_1131.jpg,15
Test_1132.jpg,11
Test_1133.jpg,10
Test_1134.jpg,22
Test_1135.jpg,17
Test_1136.jpg,14
Test_1137.jpg,24
Test_1138.jpg,8
Test_1139.jpg,9
Test_1140.jpg,5
Test_1141.jpg,15
Test_1142.jpg,23
Test_1143.jpg,1
Test_1144.jpg,4
Test_1145.jpg,18
Test_1146.jpg,7
Test_1147.jpg,8
Test_1148.jpg,14
Test_1149.jpg,14
Test_1150.jpg,6
Test_1151.jpg,15
Test_1152.jpg,11
Test_1153.jpg,16
Test_1154.jpg,4
Test_1155.jpg,0
Test_1156.jpg,4
Test_1157.jpg,19
Test_1158.jpg,11
Test_1159.jpg,19
Test_1160.jpg,12
Test_1161.jpg,18
Test_1162.jpg,15
Test_1163.jpg,3
Test_1164.jpg,21
Test_1165.jpg,1
Test_1166.jpg,12
Test_1167.jpg,16
Test_1168.jpg,13
Test_1169.jpg,9
Test_1170.jpg,2
Test_1171.jpg,18
Test_1172.jpg,0
Test_1173.jpg,12
Test_1174.jpg,9
Test_1175.jpg,20
Test_1176.jpg,22
Test_1177.jpg,23
Test_1178.jpg,16
Test_1179.jpg,20
Test_1180.jpg,4
Test_1181.jpg,16
Test_1182.jpg,17
Test_1183.jpg,13
Test_1184.jpg,14
Test_1185.jpg,16
Test_1186.jpg,3
Test_1187.jpg,1
Test_1188.jpg,22
Test_1189.jpg,19
Test_1190.jpg,15
Test_1191.jpg,10
Test_1192.jpg,21
Test_1193.jpg,4
Test_1194.jpg,17
Test_1195.jpg,23
Test_1196.jpg,11
Test_1197.jpg,17
Test_1198.jpg,14
Test_1199.jpg,6
Test_1200.jpg,16
Test_1201.jpg,14
Test_1202.jpg,5
Test_1203.jpg,24
Test_1204.jpg,1
Test_1205.jpg,24
Test_1206.jpg,1
Test_1207.jpg,5
Test_1208.jpg,8
Test_1209.jpg,19
Test_1210.jpg,22
Test_1211.jpg,5
Test_1212.jpg,4
Test_1213.jpg,10
Test_1214.jpg,13
Test_1215.jpg,11
Test_1216.jpg,6
Test_1217.jpg,24
Test_1218.jpg,22
Test_1219.jpg,16
Test_1220.jpg,16
Test_1221.jpg,4
Test_1222.jpg,16
Test_1223.jpg,3
Test_1224.jpg,8
Test_1225.jpg,23
Test_1226.jpg,8
Test_1227.jpg,10
Test_1228.jpg,2
Test_1229.jpg,19
Test_1230.jpg,23
Test_1231.jpg,8
Test_1232.jpg,4
Test_1233.jpg,17
Test_1234.jpg,18
Test_1235.jpg,19
Test_1236.jpg,4
Test_1237.jpg,8
Test_1238.jpg,10
Test_1239.jpg,8
Test_1240.jpg,18
Test_1241.jpg,16
Test_1242.jpg,20
Test_1243.jpg,19
Test_1244.jpg,21
Test_1245.jpg,16
Test_1246.jpg,12
Test_1247.jpg,24
Test_1248.jpg,9
Test_1249.jpg,10
Test_1250.jpg,4
Test_1251.jpg,5
Test_1252.jpg,16
Test_1253.jpg,9
Test_1254.jpg,9
Test_1255.jpg,17
Test_1256.jpg,24
Test_1257.jpg,22
Test_1258.jpg,22
Test_1259.jpg,19
Test_1260.jpg,15
Test_1261.jpg,17
Test_1262.jpg,3
Test_1263.jpg,1
Test_1264.jpg,19
Test_1265.jpg,10
Test_1266.jpg,17
Test_1267.jpg,10
Test_1268.jpg,20
Test_1269.jpg,2
Test_1270.jpg,24
Test_1271.jpg,3
Test_1272.jpg,14
Test_1273.jpg,9
Test_1274.jpg,16
Test_1275.jpg,14
Test_1276.jpg,10
Test_1277.jpg,4
Test_1278.jpg,20
Test_1279.jpg,22
Test_1280.jpg,13
Test_1281.jpg,24
Test_1282.jpg,10
Test_1283.jpg,2
Test_1284.jpg,2
Test_1285.jpg,14
Test_1286.jpg,17
Test_1287.jpg,14
Test_1288.jpg,2
Test_1289.jpg,4
Test_1290.jpg,20
Test_1291.jpg,16
Test_1292.jpg,3
Test_1293.jpg,19
Test_1294.jpg,9
Test_1295.jpg,3
Test_1296.jpg,19
Test_1297.jpg,15
Test_1298.jpg,14
Test_1299.jpg,16
Test_1300.jpg,12
Test_1301.jpg,11
Test_1302.jpg,4
Test_1303.jpg,3
Test_1304.jpg,8
Test_1305.jpg,1
Test_1306.jpg,9
Test_1307.jpg,14
Test_1308.jpg,8
Test_1309.jpg,16
Test_1310.jpg,0
Test_1311.jpg,20
Test_1312.jpg,21
Test_1313.jpg,9
Test_1314.jpg,16
Test_1315.jpg,10
Test_1316.jpg,10
Test_1317.jpg,6
Test_1318.jpg,22
Test_1319.jpg,21
Test_1320.jpg,8
Test_1321.jpg,19
Test_1322.jpg,7
Test_1323.jpg,19
Test_1324.jpg,19
Test_1325.jpg,13
Test_1326.jpg,10
Test_1327.jpg,11
Test_1328.jpg,3
Test_1329.jpg,17
Test_1330.jpg,21
Test_1331.jpg,24
Test_1332.jpg,21
Test_1333.jpg,8
Test_1334.jpg,12
Test_1335.jpg,11
Test_1336.jpg,16
Test_1337.jpg,22
Test_1338.jpg,9
Test_1339.jpg,21
Test_1340.jpg,8
Test_1341.jpg,21
Test_1342.jpg,8
Test_1343.jpg,12
Test_1344.jpg,9
Test_1345.jpg,15
Test_1346.jpg,15
Test_1347.jpg,22
Test_1348.jpg,15
Test_1349.jpg,17
Test_1350.jpg,13
Test_1351.jpg,10
Test_1352.jpg,23
Test_1353.jpg,5
Test_1354.jpg,8
Test_1355.jpg,7
Test_1356.jpg,0
Test_1357.jpg,8
Test_1358.jpg,10
Test_1359.jpg,24
Test_1360.jpg,4
Test_1361.jpg,23
Test_1362.jpg,6
Test_1363.jpg,12
Test_1364.jpg,4
Test_1365.jpg,0
Test_1366.jpg,4
Test_1367.jpg,4
Test_1368.jpg,17
Test_1369.jpg,14
Test_1370.jpg,24
Test_1371.jpg,21
Test_1372.jpg,10
Test_1373.jpg,6
Test_1374.jpg,24
Test_1375.jpg,16
Test_1376.jpg,16
Test_1377.jpg,4
Test_1378.jpg,9
Test_1379.jpg,6
Test_1380.jpg,24
Test_1381.jpg,0
Test_1382.jpg,6
Test_1383.jpg,2
Test_1384.jpg,18
Test_1385.jpg,4
Test_1386.jpg,17
Test_1387.jpg,6
Test_1388.jpg,18
Test_1389.jpg,14
Test_1390.jpg,14
Test_1391.jpg,18
Test_1392.jpg,8
Test_1393.jpg,6
Test_1394.jpg,8
Test_1395.jpg,5
Test_1396.jpg,24
Test_1397.jpg,19
Test_1398.jpg,16
Test_1399.jpg,4
Test_1400.jpg,4
Test_1401.jpg,19
Test_1402.jpg,16
Test_1403.jpg,4
Test_1404.jpg,21
Test_1405.jpg,4
Test_1406.jpg,14
Test_1407.jpg,4
Test_1408.jpg,18
Test_1409.jpg,9
Test_1410.jpg,16
Test_1411.jpg,15
Test_1412.jpg,16
Test_1413.jpg,22
Test_1414.jpg,19
Test_1415.jpg,8
Test_1416.jpg,21
Test_1417.jpg,10
Test_1418.jpg,19
Test_1419.jpg,17
Test_1420.jpg,20
Test_1421.jpg,8
Test_1422.jpg,16
Test_1423.jpg,6
Test_1424.jpg,6
Test_1425.jpg,1
Test_1426.jpg,19
Test_1427.jpg,10
Test_1428.jpg,14
Test_1429.jpg,19
Test_1430.jpg,7
Test_1431.jpg,10
Test_1432.jpg,22
Test_1433.jpg,21
Test_1434.jpg,1
Test_1435.jpg,16
Test_1436.jpg,23
Test_1437.jpg,23
Test_1438.jpg,24
Test_1439.jpg,22
Test_1440.jpg,14
Test_1441.jpg,9
Test_1442.jpg,4
Test_1443.jpg,10
Test_1444.jpg,2
Test_1445.jpg,4
Test_1446.jpg,14
Test_1447.jpg,13
Test_1448.jpg,16
Test_1449.jpg,16
Test_1450.jpg,12
Test_1451.jpg,10
Test_1452.jpg,23
Test_1453.jpg,13
Test_1454.jpg,24
Test_1455.jpg,4
Test_1456.jpg,12
Test_1457.jpg,6
Test_1458.jpg,19
Test_1459.jpg,12
Test_1460.jpg,20
Test_1461.jpg,2
Test_1462.jpg,24
Test_1463.jpg,6
Test_1464.jpg,21
Test_1465.jpg,4
Test_1466.jpg,8
Test_1467.jpg,13
Test_1468.jpg,10
Test_1469.jpg,10
Test_1470.jpg,1
Test_1471.jpg,22
Test_1472.jpg,18
Test_1473.jpg,11
Test_1474.jpg,24
Test_1475.jpg,22
Test_1476.jpg,9
Test_1477.jpg,22
Test_1478.jpg,10
Test_1479.jpg,12
Test_1480.jpg,4
Test_1481.jpg,9
Test_1482.jpg,13
Test_1483.jpg,2
Test_1484.jpg,17
Test_1485.jpg,21
Test_1486.jpg,16
Test_1487.jpg,2
Test_1488.jpg,17
Test_1489.jpg,8
Test_1490.jpg,19
Test_1491.jpg,4
Test_1492.jpg,17
Test_1493.jpg,17
Test_1494.jpg,1
Test_1495.jpg,10
Test_1496.jpg,3
Test_1497.jpg,9
Test_1498.jpg,11
Test_1499.jpg,8
